FID,IID,abcd_site,Site_contrib,subj_ancestries,pc_1,pc_2,pc_3,pc_4,pc_5,pc_6,pc_7,pc_8,pc_9,pc_10,pc_11,pc_12,pc_13,pc_14,pc_15,pc_16,pc_17,pc_18,pc_19,pc_20
1,1,1,0,0,-3.841875925808193,-0.2894111130293681,-0.26484181433257326,0.058921023806126044,-0.06817632988090332,-0.26377440355339116,0.07255688299555442,-0.043881777352774896,-0.1079506030127867,0.09582931222650172,0.11845633031097405,0.2288812235683202,0.1302165195801017,-0.0699576511436557,0.13993869616373458,-0.017321685218038972,0.04047591117615473,0.05119194595734997,-0.04973112041759885,0.17631038940739527
2,2,1,0,1,4.493955603373844,0.5935321031354673,-0.11411206833797291,0.43343784299740495,0.29323927650711507,-0.0998383177161569,-0.2359338589560734,-0.6608856138639408,-0.3112857909978038,-0.2417094573830501,0.4619018548587836,-0.43606472743691754,0.02057116192069865,0.15522465174064892,-0.0756352764516676,-0.3268392043726767,-0.039044061545916574,-0.18167805343608182,-0.05942302556719593,0.12455717578254931
3,3,1,0,0,-5.0592786657364135,-0.2866812816822444,0.12705652810309298,-0.22114266491295817,0.009678745567637075,0.2416796244663354,0.16359732899197496,-0.35426358689343523,0.09083140454921243,-0.14474415370247526,-0.057000618297664965,0.04213213058912188,-0.12764436330921783,0.01788853998065506,0.03342341994418392,0.24243474129207418,-0.1737946129585777,-0.04132870870218176,-0.03163362143311789,-0.06356139366044515
4,4,1,0,1,5.000936411235207,0.04046049400555366,0.2281309158577458,0.3314672775714815,-0.2934030654160344,0.00621286727788492,0.053916156789386514,0.10406991673627186,0.42510559879959026,0.05545994906467424,0.04456940155669013,0.051291193262066534,0.1358385395993566,0.10181660243863432,0.004052701141210674,-0.09131478191366792,-0.14878198165461493,0.004557653400368405,0.044264995717060336,-0.07151437174950155
5,5,1,0,0,-5.047892770254456,1.0275764793857591,0.18774923274404623,0.23705187509521913,-0.33571934374384665,0.06414498575872324,-0.25170935326423044,0.04392140382210262,-0.12314369408712826,0.47119541656020214,0.6892596364102278,0.20198644606888408,0.08720405797530609,0.039960043994734344,0.1164802185122877,0.05595461460184777,0.22367474670761459,0.11928025132736142,0.03192416717163823,-0.03726546605717279
6,6,1,0,1,5.196388515730185,-0.06952967725381355,0.2603285294264172,0.010319539271890239,0.36771847638550664,0.15878257423203404,0.21845381948736564,0.16849268988494534,0.7251989810706173,0.05224768664153204,0.33912176288906887,0.1065933235367983,-0.1890352699102942,0.4219608225203078,-0.13273679819943068,-0.363716365074887,0.08735627854432142,0.018628156470510877,0.12215771444173773,0.0797281654273081
7,7,1,0,0,-5.315327815347253,0.19328141063026788,0.42173191949120586,-0.03085477303414095,0.07742177634997871,0.2626527440502273,0.25846293680442917,-0.22926917249316395,-0.094568019604066,0.013770100376275948,-0.0201544082609975,0.10471173856022224,-0.2140155056420972,-0.027051701624505986,-0.20062090894709272,0.1280607100638959,-0.19098543289854464,-0.0704092231538619,-0.29638973294284493,-0.24656926774301563
8,8,1,0,1,4.98594724206935,0.5438232835020075,-0.18778551787576986,0.07887447151981265,-0.12095690156673326,-0.09814196079459854,0.06057502114432427,0.6778595014846507,-0.10365862210564578,-0.010231857164990288,0.06020289610193265,0.32390645747845637,-0.22808614512282205,0.03858681885015487,-0.030985119197285804,-0.061439349486871006,0.1820147719618769,-0.28245817998649775,0.09571616063078828,0.0038880062292546004
9,9,1,0,0,-4.836652867432642,-0.05764742872204049,-0.3076219510326443,-0.11154986810221311,0.09137932573510288,0.07373267871054368,-0.36133403048195334,-0.1317453699295314,-0.1513360165018915,-0.004242049592874374,0.16552945314944115,0.05221505827066595,-0.23705641985317877,-0.18411806196358046,-0.13631453068653704,-0.1143550713976045,-0.1334289655554354,0.15573328400072725,0.13418506235667582,0.05857099619676932
10,10,1,0,1,4.430103830700178,-0.2834507774716721,0.23219373170726212,0.23178222183343325,-0.19189191507830428,-0.08735113738849613,-0.1015930455921378,-0.030026095564981148,0.04783087053608115,-0.09352596677333737,-0.002307900831734549,-0.20007155406174143,-0.15513291089240347,-0.08277440792147471,0.05772706047637038,-0.08862184367622125,-0.20000485552346617,0.04561043118023877,-0.09029146256339494,0.23424978641600308
11,11,1,0,0,-4.7594664128900686,-0.28067278173620214,-0.06357729509181831,0.07418151002680606,-0.25825028813632456,0.03594463591462734,0.3208785650921604,-0.2252718461427346,0.041957001024238015,-0.005514349630524163,0.10642304705463675,0.025410126873902403,0.01025519208994827,-0.12556137653666094,-0.15333156777994364,-0.13493053845583247,-0.14951406233294356,-0.3393379244372529,-0.12491750465997559,0.08461858510500973
12,12,1,0,1,4.2999441429695064,0.13820557317308169,0.11408313641972377,-0.15453327752391996,-0.508466425505884,-0.1742337501714995,0.03929020520687327,0.18618887637300136,-0.2107668679036505,-0.2513400193332709,0.013346375742351521,0.14383288149544046,0.03053083769592238,0.2635707610870523,-0.14349506935149428,0.15897843847648777,0.03729238654803369,0.15272002678534619,-0.08011496970730973,-0.12704682518759294
13,13,1,0,0,-4.81959587538221,-0.15826254053863337,0.02997019759389471,-0.1644069908992673,0.012929436187643433,-0.217418237925337,-0.04596484935887275,0.05940299663423766,0.15370610166410223,0.05154923004931021,-0.07363903024539872,-0.03640668488244936,0.19528860998048955,0.07748144292507683,0.13805304514496652,0.08763367786229208,-0.03551255858144062,-0.02322051051126219,0.09303130867340362,-0.011763370182313286
14,14,1,0,1,4.579895215241497,-0.2075315065215424,-0.10367906908714873,-0.1947349767263654,-0.1539783095852752,-0.01668632454345696,-0.07049407652647341,0.2460279027220514,-0.32808408590305715,-0.09309870439599786,0.030827702571315972,0.19453536054432502,-0.31099232160921614,0.18796725222882166,0.06392460511387534,0.0065457890583615385,-0.026860360188824327,0.08675136682375316,0.055535002975742064,0.011291202789144061
15,15,1,0,0,-3.966411680636713,-0.023349357123773395,-0.3367245130637405,0.06871499977482959,-0.12049867096156626,-0.0992983975355656,0.16205579025183933,0.026151787781272688,0.282999762261843,-0.09544631446228682,-0.07328995412127953,-0.029293950299099775,0.13693205194538863,0.1669903866554532,0.16126159814570967,-0.02631515657622234,-0.10806836138617755,0.00922918544092779,-0.1766842930307713,-0.015743897044024367
16,16,1,0,1,5.691722192288986,-0.40849488471640377,0.26425311056218004,0.11069976507624564,0.13570302663314684,-0.08988537648752618,-0.1739541647466967,0.1571157643425304,0.1759939172848993,0.06095488810431489,0.176433620059622,0.10576491766705313,-0.029921062008066143,-0.2365753434757554,-0.07939714901499353,0.039122257654623745,0.0482488059816392,-0.21634466255905274,-0.14369284208787833,0.12871578877945722
17,17,1,0,0,-4.9068963257277005,0.057410478916534995,-0.03972171656458011,-0.3772035657619493,-0.09411043798944078,-0.05766433928296106,-0.2581990114020835,-0.07410260795711854,0.05349013465585379,-0.12189313403896047,0.09222845350716911,0.07396466001903883,-0.10960961587242894,0.17689508680986524,0.11770231430010397,-0.06327335212248873,0.0483863536229376,0.14953057939050832,-0.18664576510012013,0.16102231892316093
18,18,1,0,1,4.670231746351121,-0.05119217364434772,0.14760442838372337,0.1477323605522956,-0.3915876555721654,0.32849593809606237,0.008412780614253884,-0.16315901585612036,0.07791659544081506,-0.08793216417195227,-0.1226865718148288,0.016504454004715077,-0.050121953924683785,0.12406287645553622,-0.03172024855273219,0.029104521453795437,-0.03075014249419863,-0.16177643511878054,-0.056952732309961895,0.11916835873622598
19,19,1,0,0,-4.339152691922596,-0.11881514739179691,-0.2067606447290853,0.22492715233228688,0.26035161824709907,0.3051103883511468,-0.439506429815006,-0.09281370186058455,-0.22295623687969818,0.06027887314064356,-0.32083700902310885,0.2294515242873111,0.09159171303843618,0.032957318945911786,-0.10502889591413832,-0.18756269455879504,-0.18652388219700458,0.05427328739981468,-0.07293959318605321,-0.03576805877947783
20,20,1,0,1,5.689270817873574,0.09862210206898045,-0.2865371580240477,-0.2833042784967953,-0.0011160248897803132,0.15526626079788286,0.4660058730557575,-0.6178450697453682,-0.039018272591751606,0.286046096261972,-0.09834437502581687,-0.305538371667988,-0.1815373306225239,0.04066325018037496,0.1603832350177792,0.2060245242127019,0.19238873624553052,0.2450901758959568,0.05474382135484702,-0.04520420435162147
21,21,1,0,0,-4.951162169815884,0.36851647376883806,0.19773566053016264,-0.23248889129629233,0.08178440910563915,0.09999167726574636,-0.32789837899640895,0.31087342986856703,0.08606046453691263,0.10709659096530463,0.1074212012139875,-0.1186418470890461,-0.35574257919808944,-0.03135044928541697,-0.06579328492486622,0.1625370550188785,-0.2821739788290747,-0.07104012615637546,0.14160700952320526,0.024843892872666945
22,22,1,0,1,4.945742304991396,-0.012057513183930854,0.14005002707823563,-0.5916965644171893,0.18388441404322034,-0.5458777447545848,0.2723764079855968,-0.6008773263251704,-0.10985102694991557,0.08094111764878312,0.14455722791316275,-0.13813358932476882,-0.12934643822790265,0.16430052535973852,-0.06129385885815101,-0.12214151321119374,0.2561499231416807,0.06995296922946896,0.070811906071174,-0.03840833772835775
23,23,1,0,0,-4.066357328202756,0.27528841763927137,0.1222750991286224,-0.24185858957616002,-0.22192370583974608,-0.40940682615859475,-0.24620823501466355,0.18480293408586787,0.0630752708439885,0.3568049675428341,-0.4023684160049277,-0.07755559971339908,-0.07728730541037628,-0.21354888506986142,-0.07812064050958416,-0.1123707601490117,-0.11240041165936418,0.08271719572812194,0.09336107408419192,0.08982777119251811
24,24,1,0,1,4.61008949754708,0.49990051585903006,0.07919515991768404,0.13413876510099937,-0.003665804387108307,0.14091819753774684,0.06015933878595266,-0.06294667510450527,0.1958247704018907,0.0013531107354173301,-0.49849867969115413,-0.02275930177858744,0.14743924013273024,-0.24316988510383183,-0.12456284999196558,-0.10019176450398337,0.014508192679164141,0.08981163595236544,-0.22049586541491972,0.15519029942556017
25,25,1,0,0,-4.599681291150365,-0.3496750168850406,-0.39627672215296766,-0.18018573032844648,-0.08112930550579073,-0.21886682718440736,0.3062893007067808,0.04405982261944812,0.27711461435784757,0.02422578999875013,0.18761184145822482,0.11694049298613894,0.09483710009368279,0.10870400715485941,0.16643122076795097,-0.33237023306387004,0.11655727095038286,0.003817830607109392,-0.03558970123690783,0.1045123975146575
26,26,1,0,1,4.475110689102423,-0.10854612880049622,0.09385536175712712,-0.3582576173018101,-0.0608997839473458,-0.15423591870853728,0.2510600543934063,0.31284039657465085,-0.20747987037424653,-0.1347863033689397,-0.06421515162877997,-0.09674155371635573,0.14641204317215925,0.08844727284814574,-0.17172393198258823,-0.2451331229326102,-0.010061873645637416,0.0862694143471167,0.2811553647051101,0.2775804364748047
27,27,1,0,0,-5.401292741584326,-0.013667231004812921,0.13140296926448253,0.19836493235926073,0.043062583626017926,0.1888909748861376,0.3882537159016582,-0.10946974697030175,-0.18653030085935374,0.26448394903550765,0.11242582724132326,0.2817754316130909,-0.08451219213706436,-0.0038122110151393796,-0.040181777243031735,-0.14163703489184643,-0.17768583154214268,0.13084006001219842,0.15564326805484924,0.1866223198688993
28,28,1,0,1,4.946746617349512,0.5249964539824222,0.5891743216985323,-0.08401824680958478,-0.08040986221313898,-0.15014228009919606,0.023362955803312522,0.08289464962464643,0.16263617519687418,0.17870270169894986,-0.10240553344741553,0.044372688980546325,0.3481429527882639,-0.0629664545801199,0.06527669337864309,-0.25118647034454245,0.010777957778482157,0.23574149051644877,-0.08796465500206987,-0.22443803506096205
29,29,1,0,0,-4.704520401747815,0.030881580893444515,-0.09907630329683191,-0.3080375194537674,-0.01269758418378683,0.018471066325470832,-0.2610538909946645,-0.044122479493177734,-0.04267321948212855,0.29821069521106025,0.11711770677087571,0.09466977267666506,-0.13905830433869512,0.0075544226518108985,0.15468150502232567,-0.24144636320312554,-0.1275206842447613,-0.002078695719760385,-0.1374953275855072,-0.17631230508814713
30,30,1,0,1,4.104681879857493,-0.36369651292898664,-0.14801196613895876,0.37283128293916656,-0.3305625330515693,0.2613676881629504,-0.36935098094329927,-0.3646095165922093,0.006297295996026683,0.06828436562096751,-0.54038060587282,0.47205488663468265,0.03491848331406421,0.20207514014522557,-0.33651075880882514,0.14305893609389977,0.08775266479269084,0.13239509225514734,0.1097111976952061,-0.12977740112972475
31,31,1,0,0,-5.141722631025096,-0.07103186701138951,-0.2586583240133592,0.09742008445409775,0.3805471064216009,0.0214223009496448,-0.29184624688665095,0.03331794171316223,-0.16698798619943775,-0.13742922083649525,0.05089800962073303,-0.0613716772132584,0.16274244405174157,0.1553875491384784,-0.2725976046308008,-0.05470874702169815,0.06329508179691613,0.11146972901180185,-0.08197629974476847,0.033266419648804654
32,32,1,0,1,5.393284995807582,0.31975956843738174,-0.13914783116553614,0.06469869784679172,0.3146456943997246,-0.163825955154498,0.0552610231202686,0.1544414490585653,0.1895993913206657,-0.004597506479340785,-0.1890725430687609,0.06806105263932172,-0.23595357211836968,-0.04765872286265921,0.2147939101338718,0.13560848542925089,0.12611277488977918,-0.25644762290722856,-0.22405768250609887,0.07242301971279823
33,33,1,0,0,-4.082665706725437,-0.055635740301936666,-0.5394175844536185,0.11942535180354076,-0.0783266832294021,0.07863078917713187,-0.15794035227156072,-0.04718184002908464,0.06106474547968256,-0.17102856603827543,0.24446964608403315,-0.1181862869747613,0.06821354109612332,0.07421622333524538,0.07953190230955995,0.05249526275919686,-0.10883924071261308,0.0909082199487075,0.11091327048335023,-0.20775058541261596
34,34,1,0,1,5.06682800220839,-0.05440621052339459,-0.11208689324741532,0.15126871037554643,-0.12447116509487836,0.18290061747991798,0.010366494400498482,-0.36801882275443587,0.025716111991754418,0.009723674921418329,-0.15249950841597634,0.449106041015426,-0.024925679162600228,0.15808971091110396,-0.20474474530664696,0.04158491844803875,-0.15916183377939758,-0.10504157881982511,0.2408982633527858,0.12739640362299504
35,35,1,0,0,-3.866222533344987,-0.20205638786910435,0.5317675196297135,0.14827596313138589,-0.07704139433682136,0.1714294234749074,0.26023859114588305,0.10563918334242454,-0.03512547341908674,-0.44615053104925356,-0.22063072283002608,-0.237443774223022,-0.30523180003625044,-0.31405759048906834,0.0847908449983953,-0.07766357445091872,-0.04205046224380485,-0.17919230601847375,0.18177369285606665,-0.1720402413064503
36,36,1,0,1,4.258939878999925,0.08434190797579227,-0.12742720915273933,0.3386093858248059,0.025642940490049726,-0.37281979996569925,-0.18543980561583442,0.11611066304498237,0.10506167434198342,0.010329954026832365,-0.3694507621889168,-0.2584343194101667,0.09363328267671923,-0.029684359345386654,0.06642964067584865,0.03614284173863276,-0.07305462293586414,0.03693774727897732,0.08608984012291764,0.09517110912628222
37,37,1,0,0,-5.311230800001796,-0.07744750231590047,-0.03845261722791088,-0.006123201196614392,0.18555182489260094,0.014264033383487496,-0.24547921924216776,-0.41680422481009377,-0.11028376186528158,0.27231503367166804,-0.19240090987802694,0.3018620454988256,0.1564010530529323,0.028917661129805046,-0.2507625634964929,-0.014251356904446412,0.024216454527686043,-0.14641366935496838,0.014447569857564435,0.05878195698613864
38,38,1,0,1,5.134276802166196,-0.16344762742434743,0.010660081870176374,-0.15781182930865506,-0.1295541541736015,-0.07593945127731175,0.01335340913382832,0.09536340696011902,-0.45428537987788836,-0.2989923163301626,0.13671535374985647,0.12137984464776341,0.09412284547925336,0.0639929931112991,-0.07213900978326929,-0.23166132334994816,-0.0196321493518618,-0.044043790516448356,0.12365733035118787,-0.07183202589810418
39,39,1,0,0,-4.959167256450321,0.16519631521197792,0.3750336867443007,-0.15266939051021672,-0.1698488608049441,0.09449974462232241,-0.042002032418559314,-0.05071322444568492,-0.16838894641697924,0.11791438069085523,0.04036906480943447,0.13062533732431694,0.28188548132472196,0.27659216000423226,0.5354481599346161,0.051412864422813565,0.1773627732731553,-0.0868080601089724,0.05086018715474099,0.174338774527676
40,40,1,0,1,4.6031969249631395,-0.04359866178464924,0.04134079870813342,0.0014612809065829848,-0.073372649484993,0.17490802600361782,-0.3248540749436071,0.2053090419543242,-0.07430149019009231,-0.05550213949056116,-0.1443608472437041,0.036760168073525015,-0.22774432435784298,-0.11759665237697191,0.19925956479578807,-0.0666595820796645,0.09995703900287796,0.08166507531755832,-0.18076901797435463,0.12919329497701185
41,41,1,0,0,-4.915185210619914,-0.07305927043360057,-0.1673262383340824,-0.11164959418856875,-0.037054760143393276,0.025502991876086945,0.2543524204582426,-0.26455887955103935,-0.20698010254986338,-0.2155423642866134,-0.040372486989570466,0.18069935003925802,0.20631630016162025,-0.29888199699358836,0.20814987781795768,-0.004710210923216686,0.09180728559151248,0.05491577525218734,0.1713181932480831,0.017692406047692292
42,42,1,0,1,4.59213034634734,0.3552026591231215,-0.25853230750259454,-0.27561295110307504,-0.12085502860288239,0.1252654941451916,0.06709341604300137,0.16248891625206824,0.15965971806612295,-0.002477118392057823,-0.10294461864722974,0.16673784038351644,0.09766903342775755,0.11730921698204638,0.10000495251057999,0.10196125259232194,-0.1903870020312015,-0.04841560713828175,-0.0820918489161165,0.11587530211781452
43,43,1,0,0,-5.167853024197112,0.4057764237225288,-0.7180079903112369,0.15711068736652017,0.4471906034165001,-0.10031624569544614,-0.2439868228819688,0.17476520209795587,0.11590934910934773,-0.33918446393467355,-0.0028772729252079235,-0.17010544170530317,0.12020765743085576,0.13102238479165915,-0.18483520371072648,0.09795766957852572,0.09243615944247995,0.08642631467608451,-0.15999632334766187,-0.1340232956873102
44,44,1,0,1,4.6918161950318344,-0.5175756505134643,0.7527152640800809,0.36056518346315597,0.7475863323150429,-0.145147350870638,-0.20218915233070128,-0.07891022974032239,0.4316992738239439,-0.18014613981111424,0.567913079365795,0.2610775598620005,0.19532482539016538,-0.29747545178105533,0.11389108591259728,0.19741347959564642,-0.2706050872281196,0.15580248064669458,0.019609665070245575,-0.1734147981599554
45,45,1,0,0,-4.6417110840704385,0.009624656982845686,-0.07406523938064077,-0.12387748074707881,-0.3034902951127711,-0.14629478941192844,0.010978946003351243,0.0804912981934442,0.25160355439065746,0.011679825760223937,-0.10891218417596678,-0.19270188251162776,0.04458194514767731,-0.13232427953903778,0.01030716737566408,-0.03054240653901047,-0.07455748945202427,-0.31704259500829696,0.07463720977725975,0.06704819188303596
46,46,1,0,1,4.993068900396797,0.05343393376372999,-0.23529699349237299,0.35178755097795983,-0.08226903138771266,0.22944769429541836,0.0611542026767037,0.05409905713070195,0.06955347799639182,0.07584298092447905,0.015165549044184795,-0.3238458152249801,-0.06885507603256456,-0.06023543543250834,0.11839510121042318,-0.10612248134374984,-0.0898105090782556,0.13227734788709897,-0.13162658633437638,0.04629309321294141
47,47,1,0,0,-4.740096227182933,-0.1554860451712908,-0.2797036119604811,0.5195322477353824,-0.059336942004088226,0.39817839241487535,0.26159706300498614,0.015235322003820906,-0.06744737839816099,-0.26828461790209934,0.014889016350116302,0.008373300738589365,0.10858933205559053,-0.2768168087056319,0.16514118562880742,-0.045569228383349196,0.3402149225515742,0.2620150210949837,-0.006811632934790388,-0.132627479187827
48,48,1,0,1,4.298525307486774,-0.5477984981113814,-0.12094484652367113,-0.02481264220415193,-0.05783237916822418,-0.2775507525751893,-0.3458374199864834,0.08119672955520812,-0.23187031398720073,0.13670950749037705,0.18832739058907905,0.09944252104067224,0.04449986714550958,-0.009527180923906753,0.11375439667236077,-0.094248743249825,0.20193979819488775,-0.055750872410276237,-0.06135373192463057,-0.22793536439832374
49,49,1,0,0,-5.525837876533525,0.11365527986750475,0.05624302827801444,0.5859797414115332,-0.14185171175387398,-0.34930790801234785,0.28899314212727134,0.2839010001392384,-0.31987626198476266,0.1167672690504275,0.4378265793780467,0.001465822917933298,-0.0601447012019738,0.011624001579153853,-0.18926733013077532,0.20656207935306697,0.21460034373594594,0.05866917452038954,0.11882125980932484,-0.0034476684567364513
50,50,1,0,1,5.289928264776643,-0.16407130081533017,0.07476902990248596,0.4839800021854749,-0.2046569513729914,-0.008080381479508535,-0.1877992442933799,-0.17732644784316853,0.06894088038051335,0.09350620076195382,-0.22424854251542975,0.07461940947815998,-0.17839794812253848,0.13797330642024433,0.0021173928084997013,-0.018369098052652317,0.027455634133534888,-0.24213208866386038,0.22221458108890269,-0.17446103553255524
51,51,1,0,0,-5.212234339936144,0.2222524774858283,0.3423644072967579,0.2936499437228835,-0.03349299310354923,-0.01377141488450989,0.12078738316202463,0.02177720093197897,0.025502495812153664,-0.12678573136254026,-0.21611668971157094,-0.2466924179714389,0.01477757271202209,-0.08925040260661668,0.2223092066992962,0.0018823853922596996,-0.13917545573352255,0.10538737335676603,0.24247534570873558,-0.230835769528323
52,52,1,0,1,4.7745179572333045,-0.25138376866317735,-0.12936668862207557,-0.07464779117757957,-0.09204399693462212,0.49303844149788195,0.06548863029493471,0.32179380618909714,-0.21729157016437411,0.24483861818657354,0.03968170264912485,-0.1961127116286344,0.16773804263652964,-0.024974391339837084,0.10572406862736786,-0.014974795311805195,-0.04001411691314983,0.11566743614323087,-0.011595359817151768,0.10529338956151407
53,53,1,0,0,-4.4519301184634745,-0.3370520153726172,-0.07939735666697405,-0.33884383098328186,0.0012414224226301575,0.10160938941296721,-0.05131050978513186,-0.072132891766211,-0.05441188341460999,-0.22705264036012274,0.07554209631553935,-0.014704697911209095,-0.18417302860042795,0.03147667989186393,0.274886442065544,-0.08778060447555998,-0.04205467019909039,-0.1252832027897249,0.07455550656702273,0.001590731708949393
54,54,1,0,1,4.506087724298586,-0.04430641788857483,-0.11097418718613782,0.17095343101278238,-0.143817688794296,-0.2539055043122508,0.19347455861688054,-0.023049906363128377,-0.0694242015101833,-0.3592651594217184,0.0014673266612751782,-0.2522455550119917,0.19796579794378044,0.20020341009014775,-0.1838565289063043,0.027317543637546356,-0.1107800000505928,-0.13652091149761236,0.1909031093294613,-0.2559424971752084
55,55,1,0,0,-4.5212217128406085,-0.0870440756588797,0.00688643428803322,0.6164214493300535,-0.46032600054880907,0.012925682910878127,0.8172961038298566,0.1754426377324016,-0.03706942863991276,0.05250471896242761,0.07285029116069759,-0.08421397902287035,-0.30744576299521104,-0.11318633304144501,-0.2292152375254,0.09368470867338725,0.2647663164513497,0.08863678374131292,-0.006642900233996529,0.013854067795164918
56,56,1,0,1,4.76304558516983,-0.12169967251224893,0.05740843848120445,-0.21124144150573018,0.0034028966498910627,-0.2798852050786789,-0.0695699272114417,-0.5110172052072168,0.11090690919511345,0.2393067763632976,0.2292607231804867,-0.4700297055227265,-0.33092370603067667,-0.04380212477258632,-0.16104845100747822,-0.052134842990199354,0.06369889112801923,0.011905996020241222,-0.1148155102846933,-0.23979855890590762
57,57,1,0,0,-5.235897511411914,-0.08742028044755873,-0.3193435402327231,0.09107017899330032,0.3036390949467581,-0.38325017829605235,0.11543764918735153,0.09107292555751528,0.04852723640831876,-0.1458608201327914,-0.16296877282742064,-0.20169192009897136,0.2521614294631148,0.20520164823304632,-0.03477195297975103,0.10050914392738695,-0.16626876888094816,-0.0026524332689890576,-0.01561923754960397,0.08219153581811971
58,58,1,0,1,4.9797529583090485,-0.33716110083789536,-0.14079275063864594,0.129486408097336,-0.2011883753645539,-0.05763022931215455,-0.09653933022191816,-0.10682778215826384,0.1252645950167693,0.6135597978723425,-0.07453755043335537,0.11614304288131387,0.03689275022826312,0.011986271581582442,-0.2519097704134322,-0.1266203991594214,0.12983825981830216,0.03833213232724504,0.06643703535894509,-0.21752349645530397
59,59,1,0,0,-5.05200146756561,0.06159745705765231,0.08782326638246725,-0.3818781426707137,0.06395716293306314,-0.09065638052497905,-0.35915360497991616,0.15124232033971644,0.12217548918926976,0.28540617671035434,-0.07198667720773495,-0.1872751540341654,-0.043020338945316206,0.11803908654371476,0.03947346937088131,0.09261201000686954,-0.20547914559785538,0.02466260166873981,0.21111499950635387,-0.16288122002213498
60,60,1,0,1,4.709406220792951,-0.100422359340221,0.09252096996189618,0.23305790843174162,-0.16786241110936717,0.04204851295513832,-0.23016652198020693,-0.021507188508564343,-0.19193049572818813,-0.19316999716764352,-0.040486352999211606,-0.049014661938254794,-0.07070766393120868,-0.01822060379421486,-0.05058544825044279,-0.08882630519354172,0.025788105049554755,0.10127420536340054,0.07143256336928391,0.001149655161156636
61,61,1,0,0,-4.444016853651459,-0.3571608565768979,-0.18431252261468617,0.033282042664897114,-0.1629274607654458,-0.22302453383714627,0.11390322308158318,0.04507410223641253,0.2146027852915158,0.07032854733528704,0.09660691257229101,0.04015777548069114,0.11530027535765805,0.005981069578178988,0.1367691129851737,0.03552563715502105,0.013376336218050299,-0.05684363411192808,-0.068813900615629,0.047060993290200366
62,62,1,0,1,4.68516391960685,0.14002849961249764,0.35607787721598594,-0.46472188832746386,0.014926024792341421,-0.2751778157277982,0.3055207785783217,0.11032460925091032,0.11282428601372566,-0.2629368190880937,-0.22040817337689908,0.01890755041814143,0.2559423658777958,-0.14371040075996674,-0.380828761932237,-0.19007107499510673,0.018616590659236702,0.35447191252452553,0.01562717337878981,-0.11227873816864974
63,63,1,0,0,-4.487006948017647,-0.33527851088770777,-0.062037290869137514,-0.2187621323526378,-0.1394205320760488,-0.3587418323920031,0.07560701125397394,0.056552870607682645,-0.11417619305601721,0.1787749998905658,-0.063513663578565,0.03115973135624171,0.1305113114059261,0.03929991971411016,0.10843019456449504,-0.19129527597274945,0.04466502050170218,-0.017987397984004963,0.039306700482024816,-0.021383675528699887
64,64,1,0,1,3.4861493022646752,0.02752967134256249,-0.0872511262955041,-0.11238395341400728,-0.19896663071648746,-0.15366801746039568,-0.4364854018188576,0.0628035415024628,-0.0825041226176284,-0.15553779651380473,-0.10063243453759982,0.10133070531530036,-0.23621838116208005,0.10213123681886485,0.15652766031856258,0.14730111678835345,0.12648266987827783,0.2055807433543483,-0.18734435018645182,-0.04258278901048865
65,65,1,0,0,-4.354927351652555,0.16128846865852256,0.43223526974098925,-0.02009920488227376,0.17390893245209907,0.21440474452990183,-0.19916552039931024,-0.0720627088190383,-0.1013443251127969,-0.1428730931284038,-0.15783991306427125,0.042578822032028736,0.2489859916322429,-0.047673220426279875,0.18058166037374312,0.23209313378580715,0.18998181627243557,0.26799513394139235,0.2200110754370423,-0.038708805015530166
66,66,1,0,1,4.0211979065667425,0.16916816206577323,-0.3297090289201095,-0.1789576854082435,0.48075123767039785,0.11437677866085508,0.013600339425853002,-0.1437775644649294,-0.25976252171439057,0.044531976624929144,0.022926439860443935,-0.24894389137677392,0.016669206862532957,-0.040128929938505364,0.0736211091771224,-0.04819898728185055,-0.16779062738673908,0.041644990037717405,-0.03872510764747602,0.13107274401439897
67,67,1,0,0,-5.275230103501679,-0.10907380205496293,-0.30804115790224096,-0.2096850580603692,-0.15076165063981292,0.2999423264731679,-0.18119456826408736,-0.10362317383748654,0.1592322848297633,-0.18929492558747632,0.17778485242883516,0.09029079916915757,-0.16584399156573315,-0.20336405233831864,-0.07120617844609313,-0.15281983663974513,0.21849450535007073,0.06615645603637321,-0.02231357593003764,0.04886270215640862
68,68,1,0,1,3.743515186319366,0.7246773074974732,0.3788340325549788,0.5157143594647068,-0.16512689701714894,-0.07845419999849532,-0.29106495563011364,-0.31420060201670175,-0.24603556013048208,-0.2804158812501391,0.008393723231094094,-0.067187055009531,0.277182889638345,0.018279029560786086,0.31217199244249033,-0.19938708221532223,0.04597342890511283,-0.31828507931091343,0.015936076887701035,0.0517316944134535
69,69,1,0,0,-5.033641164628632,0.25622923915088885,-0.1621885021093759,0.20230354119684163,0.16412184807232033,-0.15214736334161957,-0.13785457494088568,0.061086953168444154,-0.033038586347842944,0.1456145805093929,0.19529583908252943,-0.0761803992593473,-0.09812964411498896,-0.20009869156072246,-0.417482958189186,0.14659605576044182,0.2388591185183685,-0.1134503764116557,0.22442585836137988,0.12768674320082682
70,70,1,0,1,4.5106241552192925,-0.13722419107216194,-0.04431481345598767,0.10672556146088738,-0.18471933808439445,-0.1693214135967526,-0.20859940108338818,0.0847984613728439,-0.18906091065608674,-0.06364044793592778,-0.19774801650510235,-0.23090299989974375,0.049289863258068986,0.018512105385767617,0.1876965197202864,0.16873753412196626,-0.06756290449647961,0.24178287492398895,0.007248639184246625,0.0002007736559215951
71,71,1,0,0,-4.509860935035771,-0.12031741405906235,0.31945076096012365,0.39176440516529043,0.29630355229484623,0.06726413650188812,0.349347966270211,0.1883800564214903,-0.3935042232607511,-0.03227716859799059,-0.06378128172050658,0.1449320870312291,0.03477041101863434,0.11278989811501482,-0.0780939216158283,-0.015452602036449452,-0.27153896316422005,0.03733387235376382,-0.27416238401538984,0.15104846746774137
72,72,1,0,1,4.3401028208532075,0.048872095238764325,-0.37202697740075785,-0.5053455383884324,0.3948582768950482,-0.03155233863689782,0.028796279956614015,0.061268880868380296,-0.06637924315442473,-0.12718922926704043,0.0007861031925529008,0.3538245269667273,-0.32448280726116147,-0.22571203331843248,0.05310228228660146,0.06576038616878786,0.265507814671195,-0.08207268264206402,-0.04075455263236008,-0.20631916287525995
73,73,1,0,0,-5.256912463480786,0.023978154604957766,0.4414181906723247,-0.1774147258634308,0.4280323413517694,0.1516603772642182,-0.11462082526845786,0.4258775127465102,0.11250758946868389,-0.06772171590801308,-0.0697307993712045,-0.19864036304303181,-0.25559497113471347,0.6928847898278729,-0.2235643502670063,0.140235048230234,-0.02030376882994143,0.011346635170867222,0.07818320393120286,0.030481718553525647
74,74,1,0,1,5.058438489159206,-0.04100464393845347,0.3579852633579487,-0.06086883393604358,-0.47692008653507456,-0.17972063901163227,0.08349867510426887,0.07729799534050141,-0.3448401928425412,-0.05502678579781454,-0.0063858484762460204,-0.041567953617835676,-0.3825143616964393,0.16822161115943704,0.016745254690993444,-0.15105240772529924,-0.11608735867314596,0.17418147538297657,-0.22944500940351872,0.005860989787362179
75,75,1,0,0,-4.398400356244919,0.08593224201739849,-0.12384853463359541,0.03846287530772328,-0.07164693995730216,-0.16767761823936003,-0.04518779040756303,-0.10475791930089032,-0.04935726181232959,-0.10865312326313267,-0.1056225189792123,0.12406548516007769,0.10074111653063222,0.0626082392402247,-0.06879443422257449,0.10658620245454453,-0.004323556951893461,0.06905920520169204,0.12251483177146383,0.20265318277867012
76,76,1,0,1,4.741486813025179,0.1489513890920032,-0.08694196010990173,-0.008562702689793492,0.4137325416470824,0.16544640955502588,0.30561844129029775,-0.11606919323319063,0.3158525337033927,0.20959349569200414,0.1975953339662206,0.21444246503679162,0.07300355518250419,0.06984879054205359,0.13836314782035208,-0.08948715883079111,-0.16561599696280827,0.30448977769797175,0.33885354203151247,0.18839618318306203
77,77,1,0,0,-4.864907959204623,-0.08197978080420128,-0.0528295609258506,-0.0812807039096964,-0.23345590751467132,-0.32922765780023827,-0.10756148408262324,0.10300630889224811,0.25142096779654555,-0.16368313055158848,0.042706252547452715,-0.05612875845940213,-0.07932280700773905,-0.13760424209425248,-0.06135192594706272,0.010510734169689227,-0.023719115962260253,-0.06525211144611479,0.049112718859556106,0.3261744414437433
78,78,1,0,1,5.087667255715084,-0.10660878342807632,-0.3215883721005203,0.4736488975436616,-0.0886260453708802,0.4073451307062474,-0.05369688246801759,0.10796651018361113,0.23997026221584605,0.3471264202976498,-0.011550676373587462,-0.14489511360850227,-0.0849193524678668,-0.04724422888450216,0.2244470042563453,0.15546696320310993,-0.06459746481381042,-0.010219245956734567,0.14639637212739007,0.0932586554678895
79,79,1,0,0,-4.42682247399399,-0.33591328783527336,-0.01986248755089351,-0.08307632949732636,-0.09907047851674261,-0.19408535145626624,0.2296665895623439,-0.047869246771211287,0.13880462897087734,0.1201517905539292,-0.11094706454316101,0.036961983888330496,0.28900460463225397,0.08079312107165734,0.008467123833702036,-0.0038203285685183405,0.023573461255140777,-0.12503404705704696,-0.22081681024785874,-0.06255865880266666
80,80,1,0,1,4.903893153424528,-0.07730588356451952,0.10508903472096119,0.2557182188579922,0.17843110235446782,-0.12234795347438104,-0.007525153115081418,0.1511240019549737,0.30279270978842215,-0.36589326911536035,0.21005925068865994,0.3124171108397771,0.0036851034500600837,-0.09816298814364742,0.03518873402765845,-0.13937007679831226,-0.03274220243123381,0.1740307560913593,-0.20826688203839494,-0.08370031232505054
81,81,1,0,0,-4.7293380288639515,-0.020266523657727232,0.03754184150204456,0.01919176344057935,-0.14842653971811165,0.005790400457703283,0.14484586621218784,-0.13812060520009145,-0.0869045419614603,-0.09768884726058645,0.12490734326253568,-0.03576448340548558,-0.22313074734134264,-0.029592337634863176,0.0546389627670656,0.17511583295383812,-0.34255628860302306,-0.15802295820307286,0.11917751371938586,-0.15611757586746294
82,82,1,0,1,5.65256915618231,0.8120244520276835,-0.34652879249539525,-0.21405283053164814,0.3378555600331771,-0.004096160296769427,0.5153502397981393,-0.004065867720678643,0.004730409411117107,0.09620566487947974,-0.25281460695686947,0.34069171929040787,-0.2618054983483998,-0.03485398947590265,0.2891583808675789,0.1181102805674446,-0.12192574998592724,-0.2663846879094908,0.1449411128280919,-0.18930074571926325
83,83,1,0,0,-3.7923526344797303,0.27685848017614384,-0.31325485781278256,-0.2521757485878755,-0.6172366967401527,0.12604274513817282,-0.013548137067973934,-0.27231737563666364,0.515086661111536,-0.3018553939036403,0.019668466559981983,0.1441350207283485,0.06033197337547082,0.029899301494876324,-0.04494291246702472,0.1321210003169351,0.02499283341792471,-0.06438567968412852,-0.20283457702703062,0.05944468206726618
84,84,1,0,1,5.231819103847935,-0.5674113771711952,0.13510256890585495,0.15193502622660357,0.07199896458455024,-0.28680776354093523,-0.3613626347726934,0.16864748112838068,-0.14354150673468533,0.07788041217953194,0.11152350519707795,-0.009556164740194778,-0.05567114917330086,-0.10145394647095538,0.1488250901852357,0.2678632088057998,0.13488647500584564,-0.1904213665678012,-0.026969804540849605,0.0405615580899527
85,85,1,0,0,-4.388642479804227,0.2751923235894029,-0.592682997155399,0.39972176421705513,0.613787445167781,-0.09312706220640612,0.23046204139320858,0.22679888190604422,-0.166029368160304,0.1586230097049475,-0.22001379232895465,0.07324252146411038,-0.031077085796189795,-0.0010205164952478845,-0.015571997417402589,0.014317421089164098,-0.08660507222233796,0.18922823311511158,-0.20559529302719098,-0.2390737823081437
86,86,1,0,1,4.64540782659409,-0.15315117123654787,-0.22576186568630324,-0.41693380028180943,-0.47905440574200675,0.7493895369679725,-0.048762791578063146,0.2090668519541068,-0.11203906917999146,0.030973348865370478,0.32605588703505495,-0.19388782867368357,0.3976890162381889,-0.019696834690519697,-0.14239047505111566,0.2099387395095019,-0.1772535952701983,-0.09032652671147025,0.05255462342344622,-0.20010585420584856
87,87,1,0,0,-5.155623681774406,-0.19023712151192695,0.49847180408185204,-0.00557248489557561,0.2169382967516032,-0.012650401878696553,0.14562612359102975,0.06323362645168967,-0.48538245375465683,0.4768697231704361,-0.0979609501757702,0.06757904021341957,-0.12564495878989884,-0.1441848622969314,-0.022652113343347168,-0.13015845215765115,-0.22224094121203364,-0.058573648178325326,-0.3014149830517792,0.04470318502773581
88,88,1,0,1,4.3588287876256,0.13993209461615064,-0.15052726346845624,0.12402251098907126,0.1811560265729674,0.1958393348826868,0.11133804939131851,-0.04026407668653362,-0.014840338316090025,0.284041144587544,-0.07136483070127224,-0.2536057245760785,0.3016724334957038,0.10649056504906099,-0.1854053847646311,-0.045119805858103344,0.06953394805078783,-0.31421598595559364,-0.19052435756533465,0.04600757213886013
89,89,1,0,0,-4.48274783722955,0.5126803022820849,0.05937490120772818,-0.2308344260129747,-0.19036040608539567,0.03234453799997907,-0.372962043357549,-0.0926526671650616,0.2466819757267636,-0.13935085927628935,-0.047590484739750194,0.022267123588921058,-0.17250300362088053,-0.5676199094528658,-0.2185551854952146,-0.2588803647907759,-0.12493618686950474,0.0900789027943213,0.09855626187906812,0.06084720036697799
90,90,1,0,1,4.958107517143055,-0.11208967503878285,-0.01086585905832882,-0.3143463187705011,0.17629326371397758,-0.11029778298763622,0.27280769305198294,-0.08731421943572487,-0.19353042097919843,0.10636300474575079,-0.1062828813114645,-0.2386991893552428,0.013298532786665998,-0.15576309108868303,0.1096807801130451,0.18098764678397408,-0.021843085591677663,0.18111681314248754,0.10270655759461966,0.16477124218002623
91,91,1,0,0,-5.155087081028803,0.27853920918245983,0.4634305436992815,-0.18443982451383523,-0.34074344834166614,0.07595797121871227,0.06007359290480865,-0.19441710168562193,0.1540545495065402,-0.14939479035746583,0.18595926350115435,-0.10983766329892905,-0.01344937421994145,0.16720679357480983,-0.11832304352171155,0.4729738961060341,0.06826102595410485,0.1698200277617842,-0.2816817459424986,0.10133211676883007
92,92,1,0,1,4.912978180969868,-0.12908579032384376,-0.13262186303290324,-0.4389961351979267,0.0017486588099616843,0.7029806545892824,-0.05598296717083532,0.3440305365840698,-0.16967052560539173,0.18833995694545894,0.2286845297237513,-0.27559185322137486,0.3125737111193015,-0.26562104437242867,-0.17570253946104986,0.061925342191958416,-0.01992729149130352,-0.04276989443947875,-0.06593257777853795,0.06538084886040646
93,93,1,0,0,-5.228649928702638,-0.020407203345160756,0.5960396912604974,-0.07828590453882739,0.10039420970412606,-0.1624056236834167,-0.0853468123707475,-0.05055132550624654,0.1021353690856194,0.418090771504553,-0.11959354031370378,-0.06781270180580766,0.2943742920806861,-0.05379174987375282,-0.014398757026767517,0.18200737065875425,0.24948495571884732,-0.1664108064636632,0.03878741896946155,-0.08951101587018953
94,94,1,0,1,5.126996273459747,0.08115666808513229,0.13036828401367453,-0.15064206987897702,0.10355205824607483,-0.28539581896180344,0.07569901324411664,0.14678025145878013,0.21372852501804782,0.09419099433550494,-0.12222587291493664,-0.10728488608336727,0.12533274819924087,-0.2557891950814199,-0.10257354219297386,0.18726512824703037,0.24957305523380052,-0.09150711620974253,-0.16244815837404608,0.0008976545771072334
95,95,1,0,0,-4.68685441454034,-0.2235670174499384,-0.026667861487362037,-0.04704847327762376,0.3019456671036273,0.06978114272222259,-0.04001504693171557,0.23859143423257392,0.02899903459547552,-0.2073579363691098,-0.21152326230811935,-0.26888837083969913,-0.05335746439716212,-0.04580554024405146,-0.06596602591216552,-0.12064802364586485,0.3604078111566105,-0.18445362831322068,0.17652767039306114,-0.03848983977619809
96,96,1,0,1,4.580235745313152,-0.28668708786383956,0.0036013553572337696,0.0952955448729996,0.4368104731411742,-0.361326050913769,-0.0654563611945909,-0.26984807399949307,-0.05544913438021446,-0.13530465196796285,-0.04993943004913592,0.08630395593009157,-0.06758958338183112,-0.01925864166586397,0.0011416531379003427,0.43800340731625165,0.03953420809225674,-0.0236845935841595,0.024977596838707834,0.29804217238038094
97,97,1,0,0,-4.250112542601031,-0.188364513426554,-0.18483878418019273,-0.03990581508162273,-0.07550205601264376,-0.26898278080601173,0.0297842210313408,0.11596152214443614,0.051445203093940434,0.03695043976669111,0.004807646260231522,-0.08559248028077707,0.11654617626303718,0.099790599499972,0.20355640891167986,-0.24696444759311792,-0.1457025809288849,-0.13672542193882212,-0.04710200784364499,-0.31733077926732156
98,98,1,0,1,4.483710592676203,-0.14420531107582105,-0.31891287492663634,0.05386005709657014,0.09495248190738943,0.3601313436307059,0.04903376585440884,0.031089802302900305,0.21512464116131289,0.07996436654018313,0.18936623127003718,-0.11907856061992948,-0.11233041040202832,-0.029776131491376916,0.005964304302546814,0.12075524054265707,-0.09588972174702266,0.03043251470751057,-0.04681881530385027,-0.01249857774860308
99,99,1,0,0,-5.337270554208874,-0.21864263007607027,0.56333790451468,-0.04346018241591509,0.43317984055571623,0.9772138229576651,-0.04183139818936859,-0.0528326530229531,0.1123995999144856,-0.1128084655666539,-0.292980661580351,-0.14971368503154361,-0.13357950171200417,0.2207012563321841,0.1385713769848571,-0.2714071993501959,0.5173643975537593,-0.065478271773334,-0.039712200826118205,0.019521733240441846
100,100,1,0,1,4.994483300018504,0.18439329620187384,0.18660172497911443,-0.5585511748816555,0.26486596871603896,0.19779433871453764,0.1833792430422988,0.03993025236442532,-0.31725007647065867,-0.35761626668481655,0.16450765208262622,0.33240077701216103,0.36298113005186206,-0.11207251415749717,-0.15640241661539306,0.12434689077125208,-0.030498227110735708,-0.3119233520776203,0.018142813245856145,-0.030409215782180796
